UNIONPAY,6226986133545066,7/2029,805
UNIONPAY,6222029211635550,11/2031,766
UNIONPAY,6226987616965045,6/2030,136
UNIONPAY,6226986126352298,3/2029,349
UNIONPAY,6226987960234089,2/2025,394
UNIONPAY,6222024354296476,12/2030,797
UNIONPAY,6214835286708506,11/2031,936
UNIONPAY,6214838094630847,12/2028,255
UNIONPAY,6226985093610951,3/2029,527
UNIONPAY,6222022473025818,2/2029,342
UNIONPAY,6223058116433158,5/2027,668
UNIONPAY,6223051149723083,5/2031,212
UNIONPAY,6222025667735944,5/2024,570
UNIONPAY,6223057208135812,4/2030,346
UNIONPAY,6222021723182114,10/2028,195
UNIONPAY,6222029550667669,4/2028,138
UNIONPAY,6214838385648359,3/2028,131
UNIONPAY,6214830862315774,2/2024,706
UNIONPAY,6214834501066287,3/2026,280
UNIONPAY,6222025409270515,2/2025,773
UNIONPAY,6226882181602958,10/2026,772
UNIONPAY,6214832156981321,9/2027,767
UNIONPAY,6223050726522801,8/2030,385
UNIONPAY,6226983938471994,11/2025,597
UNIONPAY,6222023606385905,11/2025,340
UNIONPAY,6226989857385651,3/2027,509
UNIONPAY,6222028202568689,12/2027,958
UNIONPAY,6214830525673116,10/2030,413
UNIONPAY,6226984674251202,11/2031,195
UNIONPAY,6226989158284777,10/2031,114
UNIONPAY,6214830751652940,10/2031,209
UNIONPAY,6226984595230988,4/2028,325
UNIONPAY,6222022726418479,8/2025,329
UNIONPAY,6226982795427370,8/2028,963
UNIONPAY,6223052043777464,10/2030,370
UNIONPAY,6222024580755261,3/2031,382
UNIONPAY,6214833606162082,12/2027,407
UNIONPAY,6222027126306184,7/2030,802
UNIONPAY,6223056781538798,12/2024,824
UNIONPAY,6214839711728121,2/2026,280
UNIONPAY,6226988650166292,8/2027,784
UNIONPAY,6226989631514054,3/2028,901
UNIONPAY,6223053135812219,7/2029,814
UNIONPAY,6222020466552102,9/2026,890
UNIONPAY,6226983700507876,8/2029,701
UNIONPAY,6222026906227404,10/2027,478
UNIONPAY,6222024848777479,10/2028,118
UNIONPAY,6223054545464385,5/2026,838
UNIONPAY,6226983046016434,12/2025,281
UNIONPAY,6222023522344150,3/2026,949
MASTERCARD,5147039805231496,3/2025,902
MASTERCARD,5535318113639941,7/2028,635
MASTERCARD,5579288962419595,1/2030,598
MASTERCARD,5285494124554478,3/2024,858
MASTERCARD,5170716364388848,12/2031,997
MASTERCARD,5321127894503418,9/2030,186
MASTERCARD,5432835811475066,3/2026,244
MASTERCARD,5268082658674092,12/2028,705
MASTERCARD,5159382616978029,10/2027,916
MASTERCARD,5388003691970540,2/2027,676
MASTERCARD,5208774212444102,3/2026,400
MASTERCARD,5369627259918417,2/2030,188
MASTERCARD,5585680361124606,8/2024,958
MASTERCARD,5154062376924305,3/2028,390
MASTERCARD,5374523629118108,8/2024,973
MASTERCARD,5495901491592779,5/2030,199
MASTERCARD,5357264187552914,2/2029,566
MASTERCARD,5582905122294825,2/2030,961
MASTERCARD,5444804145715833,3/2025,733
MASTERCARD,5385459872574837,12/2028,831
MASTERCARD,5435017602557298,4/2026,163
MASTERCARD,5192648453522684,6/2028,900
MASTERCARD,5310595303264009,6/2031,216
MASTERCARD,5272373493661632,10/2026,510
MASTERCARD,5235375332387895,2/2026,126
MASTERCARD,5345133773216966,9/2028,132
MASTERCARD,5405246694128306,5/2025,292
MASTERCARD,5199960889315259,2/2029,438
MASTERCARD,5213623382877802,10/2031,353
MASTERCARD,5223442707548263,2/2025,476
MASTERCARD,5171745750873210,2/2027,303
MASTERCARD,5490446426246162,6/2026,398
MASTERCARD,5106344591740380,10/2030,754
MASTERCARD,5166227285481931,8/2027,858
MASTERCARD,5249162028023370,5/2030,176
MASTERCARD,5106793517873057,2/2028,535
MASTERCARD,5289510174446723,12/2028,644
MASTERCARD,5220212612740435,3/2026,716
MASTERCARD,5594729726933919,12/2025,938
MASTERCARD,5120341271482772,5/2027,317
MASTERCARD,5557178941470825,5/2031,109
MASTERCARD,5376148374789479,3/2027,418
MASTERCARD,5389601010197221,12/2029,259
MASTERCARD,5457542645394469,10/2024,732
MASTERCARD,5402874307817917,3/2024,215
MASTERCARD,5252818191700755,7/2025,861
MASTERCARD,5571155408585875,10/2025,690
MASTERCARD,5597993735522959,11/2027,862
MASTERCARD,5478102342965080,9/2027,132
MASTERCARD,5239844536058566,7/2026,747
MASTERCARD,5116651954288023,5/2030,179
MASTERCARD,5336655562681150,1/2028,609
MASTERCARD,5366456390845361,5/2029,294
MASTERCARD,5418049179944857,6/2031,899
MASTERCARD,5294244027274446,7/2028,957
MASTERCARD,5257020995483085,8/2027,597
MASTERCARD,5136554960615518,5/2027,647
MASTERCARD,5550370625821533,3/2028,574
MASTERCARD,5295284203391662,5/2026,213
MASTERCARD,5520975961975813,1/2031,555
MASTERCARD,5447021671937395,5/2030,945
MASTERCARD,5499258565161783,3/2027,980
MASTERCARD,5596760579495316,4/2029,995
MASTERCARD,5582079737978832,3/2025,395
MASTERCARD,5214786186784992,9/2030,885
MASTERCARD,5407283882839905,4/2024,114
MASTERCARD,5417698635576553,4/2027,687
MASTERCARD,5546586492547086,4/2028,975
MASTERCARD,5393289030473188,10/2026,232
MASTERCARD,5538532992470120,7/2029,714
MASTERCARD,5204869033072076,7/2026,629
MASTERCARD,5392533019160899,6/2028,358
MASTERCARD,5381447325645092,10/2024,730
MASTERCARD,5261721021239383,9/2029,771
MASTERCARD,5532637221192458,10/2028,601
MASTERCARD,5519523499666166,10/2029,993
MASTERCARD,5546154286173161,5/2027,287
MASTERCARD,5163340082190499,11/2030,520
MASTERCARD,5354934733124721,7/2025,429
MASTERCARD,5117686708580985,3/2031,192
MASTERCARD,5256715507010844,11/2027,330
MASTERCARD,5435429892245031,6/2025,724
MASTERCARD,5236091202104828,7/2028,522
MASTERCARD,5516308071028719,4/2025,148
MASTERCARD,5556982628946481,3/2026,392
MASTERCARD,5510527155618865,11/2028,903
MASTERCARD,5349566752680552,10/2026,464
MASTERCARD,5450587821396223,9/2030,424
MASTERCARD,5498549808780062,3/2026,869
MASTERCARD,5247381876867264,6/2031,996
MASTERCARD,5282330112450175,6/2029,981
MASTERCARD,5488543743549791,2/2029,858
MASTERCARD,5586427279961292,11/2028,907
MASTERCARD,5174096875900511,5/2030,527
MASTERCARD,5481799542781530,11/2024,309
MASTERCARD,5459153195787330,12/2025,246
MASTERCARD,5340653269702407,9/2030,449
MASTERCARD,5133782017973407,4/2030,447
MASTERCARD,5146259476741000,9/2024,991
MASTERCARD,5571326200332770,7/2025,726
AMEX,374520971518746,11/2028,509
AMEX,372244202540963,11/2030,213
AMEX,348908042619366,2/2028,510
AMEX,341587059881767,11/2025,698
AMEX,346453099731790,1/2028,517
AMEX,370506262278516,3/2029,338
AMEX,363044200450978,9/2025,744
AMEX,377536691747693,6/2030,863
AMEX,377568491944543,4/2024,906
AMEX,372778514861286,1/2028,839
AMEX,376747666539947,9/2027,523
AMEX,344870441716637,8/2026,917
AMEX,373525973748613,11/2024,959
AMEX,376152585866943,3/2030,936
AMEX,343380277568293,12/2029,988
AMEX,349712783063266,4/2026,584
AMEX,346960902192697,12/2031,284
AMEX,371113778763757,10/2024,145
AMEX,349803421993533,4/2027,391
AMEX,370924884114002,3/2029,880
AMEX,349354638692328,12/2031,242
AMEX,346553245454948,6/2030,133
AMEX,379399874849291,9/2025,905
AMEX,374566042779007,11/2030,678
AMEX,370846597869682,12/2026,700
AMEX,344348975794112,3/2025,879
AMEX,340534237320582,9/2025,212
AMEX,379843026987574,5/2029,615
AMEX,345246707933399,8/2026,442
AMEX,371539986051926,4/2030,261
AMEX,342610189933948,10/2028,452
AMEX,378886202985228,11/2029,383
AMEX,372142415949726,5/2026,710
AMEX,344817284224898,9/2024,834
AMEX,377434502243211,7/2026,566
AMEX,375722685857316,4/2025,927
AMEX,374963079443716,7/2027,152
AMEX,379836136393964,2/2027,286
AMEX,377411468142561,3/2027,632
AMEX,340410134027571,10/2026,741
AMEX,379415157165781,4/2029,263
AMEX,346842935872785,3/2025,258
AMEX,376571699949588,5/2029,860
AMEX,372961513840259,12/2024,303
AMEX,374374378954322,3/2027,832
AMEX,377649846391372,10/2029,731
AMEX,340290233680947,8/2027,490
AMEX,372342440590699,10/2031,325
AMEX,342654914668844,1/2024,480
AMEX,370771205239294,9/2029,909
DINERS,3013380695910211,7/2024,627
DINERS,3010773116420005,12/2025,346
DINERS,3034385819098855,10/2027,595
DINERS,3021248186130559,11/2029,760
DINERS,3037409704406499,4/2029,210
DINERS,3638373877744248,10/2027,520
DINERS,3652586919084452,7/2031,924
DINERS,3015932006111737,7/2028,751
DINERS,3617685383243679,3/2029,708
DINERS,3004218760002160,10/2029,773
DINERS,3847737206410902,7/2026,610
DINERS,3020368425571727,3/2029,340
DINERS,3011314789275381,5/2029,192
DINERS,3026175308324874,6/2028,901
DINERS,3880352847803933,11/2029,997
DINERS,3883777803356491,9/2026,857
DINERS,3021676428225268,4/2028,510
DINERS,3626308901238944,6/2029,315
DINERS,3021412239006709,4/2026,261
DINERS,3013074144793167,4/2026,798
DINERS,3009826616665769,6/2026,971
DINERS,3001015215088031,5/2024,532
DINERS,3005747898226852,9/2025,162
DINERS,3679691841410921,8/2026,336
DINERS,3031008643696115,8/2031,766
DINERS,3002626595734843,7/2024,256
DINERS,3019670472710444,8/2025,815
DINERS,3034872759679638,2/2028,421
DINERS,3624077394943714,5/2030,607
DINERS,3014185339678416,2/2030,226
DINERS,3809077108175261,9/2027,407
DINERS,3016776904077550,4/2030,363
DINERS,3018129646010315,2/2028,936
DINERS,3002281564224853,8/2026,482
DINERS,3868879851481350,3/2029,644
DINERS,3631162545767815,8/2026,960
DINERS,3024412376357391,5/2030,297
DINERS,3012754871514040,2/2030,323
DINERS,3897713453236695,11/2027,600
DINERS,3828070928623500,10/2029,299
DINERS,3871933957025010,3/2027,476
DINERS,3029833785753497,7/2027,805
DINERS,3011534117054733,9/2028,916
DINERS,3039531768715388,2/2029,335
DINERS,3139304909164092,6/2027,589
DINERS,3838419607357906,7/2026,286
DINERS,3032332354323977,9/2025,233
DINERS,3028549726010281,8/2026,198
DINERS,3005307426814107,4/2031,349
DINERS,3675907866093481,6/2025,262
AMEX,372691709734897,4/2027,326
AMEX,340429124860123,1/2028,350
AMEX,344792534032152,7/2030,871
AMEX,378059832219603,9/2024,145
AMEX,377543860087356,12/2027,317
AMEX,349746420514695,9/2030,677
AMEX,378488746714709,2/2025,527
AMEX,377435223783757,7/2024,929
AMEX,372849492074414,1/2029,478
AMEX,371157258536407,10/2025,237
AMEX,340677393279082,10/2024,654
AMEX,378074370366021,7/2027,880
AMEX,344602354041168,4/2029,196
AMEX,348150298105418,1/2025,792
AMEX,376338072978182,3/2030,467
AMEX,345952763541287,4/2026,894
AMEX,344014772520652,3/2028,730
AMEX,374892789500723,11/2031,375
AMEX,377330822316937,2/2028,323
AMEX,343770717110484,8/2027,490
AMEX,340744580735944,9/2029,901
AMEX,378405172336369,11/2030,593
AMEX,375715962007464,7/2024,634
AMEX,341739123429004,8/2028,188
AMEX,372467040665185,12/2027,758
AMEX,340806231467043,12/2026,133
AMEX,373026282493414,4/2025,806
AMEX,372272735714573,3/2027,339
AMEX,343445160936855,6/2030,708
AMEX,376989157029257,5/2025,858
AMEX,371027713449159,10/2030,732
AMEX,340827140966370,7/2028,114
AMEX,349179697340711,4/2031,649
AMEX,345096999841879,9/2024,735
AMEX,377732964549300,1/2030,651
AMEX,345814201995816,7/2024,275
AMEX,347020500066808,5/2028,729
AMEX,342046414917963,5/2029,706
AMEX,342402295287259,4/2030,650
AMEX,374743051504499,7/2030,134
AMEX,379778051478703,8/2025,670
AMEX,374428242257534,6/2030,579
AMEX,342979951842766,6/2030,841
AMEX,374589800056821,4/2028,848
AMEX,344535284224268,3/2027,861
AMEX,349355426847669,2/2031,316
AMEX,349499244864147,11/2024,971
AMEX,376658055437587,1/2027,431
AMEX,370715094338717,10/2026,939
AMEX,379446649564760,2/2030,464
MASTERCARD,5354317629714287,2/2031,988
MASTERCARD,5206539608180228,11/2029,594
MASTERCARD,5419157437442447,9/2030,777
MASTERCARD,5179810183476668,2/2028,993
MASTERCARD,5477754545739793,4/2025,781
MASTERCARD,5270338315239760,10/2026,224
MASTERCARD,5216242581650493,8/2028,234
MASTERCARD,5197700775834838,6/2026,627
MASTERCARD,5302840229812022,2/2030,609
MASTERCARD,5338039203130836,6/2024,219
MASTERCARD,5446575011315365,3/2028,788
MASTERCARD,5249085959025801,2/2029,224
MASTERCARD,5561836522997748,4/2025,659
MASTERCARD,5462805192281618,2/2029,926
MASTERCARD,5514917683097565,11/2030,218
MASTERCARD,5470403796722888,5/2028,960
MASTERCARD,5195123456667876,9/2027,196
MASTERCARD,5361280232145078,6/2027,240
MASTERCARD,5307419603730954,4/2024,673
MASTERCARD,5373184902847086,5/2030,208
MASTERCARD,5445372787194336,10/2029,226
MASTERCARD,5139637233260464,5/2026,624
MASTERCARD,5395479405283951,2/2030,418
MASTERCARD,5399492980683608,11/2030,365
MASTERCARD,5221397040673719,6/2031,475
MASTERCARD,5588604393082431,6/2029,554
MASTERCARD,5186149028306470,5/2029,985
MASTERCARD,5481224407582487,3/2029,113
MASTERCARD,5556584561384934,1/2024,664
MASTERCARD,5213696891273259,10/2030,745
MASTERCARD,5516699031488880,12/2028,174
MASTERCARD,5508839286155475,11/2027,475
MASTERCARD,5541050770374980,7/2029,221
MASTERCARD,5166501823810193,6/2026,217
MASTERCARD,5379637139856703,12/2028,689
MASTERCARD,5282629818557377,5/2028,831
MASTERCARD,5157962481217017,11/2030,214
MASTERCARD,5181754892832124,3/2027,830
MASTERCARD,5485744798740425,10/2029,960
MASTERCARD,5131637462968405,11/2029,661
MASTERCARD,5575780041138984,2/2029,174
MASTERCARD,5349250848801437,12/2027,214
MASTERCARD,5472798167765608,10/2031,584
MASTERCARD,5370486221657838,7/2028,631
MASTERCARD,5240966479515828,4/2024,167
MASTERCARD,5503520473738886,6/2028,786
MASTERCARD,5357305592352398,6/2030,399
MASTERCARD,5484023234433189,3/2031,101
MASTERCARD,5430480632227354,2/2027,238
MASTERCARD,5531513527416951,3/2025,563
VISA,4556250347598543,2/2027,699
VISA,4929859902281087,3/2025,985
VISA,4916316328536920,5/2030,702
VISA,4716110028773434,2/2029,992
VISA,4929894231128899,10/2025,148
VISA,4539329250234569,8/2028,118
VISA,4916659949939530,9/2027,174
VISA,4556884561722932,2/2030,521
VISA,4532073011509390,4/2029,638
VISA,4485558008133006,9/2027,974
VISA,4259566345701470,9/2026,876
VISA,4539885070390519,1/2027,664
VISA,4716397506962346,6/2026,702
VISA,4532121022251972,11/2027,936
VISA,4556137752890012,5/2028,900
VISA,4539304171044934,1/2024,329
VISA,4929662297249127,11/2027,398
VISA,4271890584421414,5/2029,652
VISA,4556266828418299,12/2026,150
VISA,4024007130462442,10/2027,733
VISA,4556178075861827,10/2029,241
VISA,4532802514526183,11/2030,278
VISA,4929918921392893,1/2027,839
VISA,4916441862493625,4/2031,352
VISA,4024007194697297,3/2028,981
VISA,4213742528247489,10/2025,594
VISA,4539215168396949,6/2028,282
VISA,4929412416188505,5/2026,254
VISA,4024007198660787,9/2026,854
VISA,4488391487243939,4/2027,692
VISA,4539896344843076,3/2031,496
VISA,4532307010925632,6/2030,242
VISA,4024007106449993,9/2027,840
VISA,4024007126019792,2/2029,474
VISA,4485781871539145,12/2025,899
VISA,4485092217420440,4/2027,235
VISA,4916299008229317,3/2024,531
VISA,4556434074956658,9/2028,795
VISA,4929777169937060,12/2027,568
VISA,4539684647651978,4/2028,195
VISA,4916785812192319,10/2028,631
VISA,4556945174282596,7/2030,639
VISA,4485193533230446,7/2024,419
VISA,4556628391049556,7/2027,465
VISA,4916106888121423,12/2030,976
VISA,4539777525110297,1/2029,321
VISA,4338304639294470,4/2025,225
VISA,4716270328558651,7/2029,132
VISA,4532130203197896,3/2027,231
VISA,4024007183680833,12/2027,151
DISCOVER,6011592447622697,10/2025,284
DISCOVER,6011423942843739,4/2026,488
DISCOVER,6011099210570376,9/2024,555
DISCOVER,6011802726136735,4/2025,533
DISCOVER,6011749426171019,3/2026,612
DISCOVER,6011026698262522,10/2026,148
DISCOVER,6011739822404213,2/2029,995
DISCOVER,6011812259171694,2/2025,761
DISCOVER,6011775421332009,4/2027,483
DISCOVER,6011857945719265,2/2025,299
DISCOVER,6011197911026258,5/2030,317
DISCOVER,6011578101528866,11/2030,427
DISCOVER,6011671119776005,12/2029,522
DISCOVER,6011299222027239,9/2030,137
DISCOVER,6011037884071610,10/2031,360
DISCOVER,6011213917594494,3/2024,171
DISCOVER,6011584446120377,3/2027,261
DISCOVER,6011568641062211,11/2024,658
DISCOVER,6011923326540637,4/2025,852
DISCOVER,6011532449976220,6/2027,711
DISCOVER,6011956606614185,2/2028,632
DISCOVER,6011993286885462,2/2030,359
DISCOVER,6011949000798670,8/2025,159
DISCOVER,6011935313378706,12/2029,380
DISCOVER,6011648046389136,4/2024,911
DISCOVER,6011937079574502,11/2028,468
DISCOVER,6011798766680782,6/2028,369
DISCOVER,6011375149342990,6/2027,600
DISCOVER,6011467221700987,5/2025,157
DISCOVER,6011920820673989,6/2026,595
DISCOVER,6011121198171124,12/2029,911
DISCOVER,6011293433585101,10/2029,827
DISCOVER,6011118211518729,3/2027,473
DISCOVER,6011937306975217,9/2026,777
DISCOVER,6011641551649135,9/2027,520
DISCOVER,6011925801091564,1/2029,915
DISCOVER,6011598737752003,6/2027,568
DISCOVER,6011736728277438,9/2026,378
DISCOVER,6011882604443304,2/2024,972
DISCOVER,6011683445737312,7/2026,667
DISCOVER,6011947375196959,6/2030,855
DISCOVER,6011169803197125,1/2025,424
DISCOVER,6011255103842714,12/2029,186
DISCOVER,6011217270602679,11/2030,990
DISCOVER,6011659525369852,4/2030,238
DISCOVER,6011162854394378,8/2027,838
DISCOVER,6011846092561066,10/2028,248
DISCOVER,6011295076773555,11/2028,941
DISCOVER,6011103924543230,6/2026,715
DISCOVER,6011733444621395,3/2029,780
DISCOVER,6011629024983090,5/2030,435
DISCOVER,6011397695106140,10/2025,828
DISCOVER,6011882731399627,4/2024,556
DISCOVER,6011723947089950,8/2027,253
DISCOVER,6011396350379372,10/2026,765
DISCOVER,6011176235385319,5/2029,472
DISCOVER,6011837723019187,2/2028,660
DISCOVER,6011470262620890,4/2030,400
DISCOVER,6011614283554154,2/2030,852
DISCOVER,6011418912143797,7/2028,370
DISCOVER,6111896946543407,2/2029,595
DISCOVER,6011695768864325,11/2028,954
DISCOVER,6011856543862824,9/2030,780
DISCOVER,6011604739084781,3/2029,872
DISCOVER,6011693235393978,9/2025,911
DISCOVER,6011355960990366,3/2029,376
DISCOVER,6011715922224644,8/2030,484
DISCOVER,6011071593565596,8/2030,127
DISCOVER,6011741067527245,4/2030,740
DISCOVER,6011450994803220,3/2029,651
DISCOVER,6011509875431235,5/2029,399
DISCOVER,6011584824754649,2/2025,334
DISCOVER,6011501677890967,2/2030,919
DISCOVER,6011206010238589,3/2026,118
DISCOVER,6011702097793314,5/2029,582
DISCOVER,6011984124533901,7/2025,948
DISCOVER,6011273935036571,9/2030,153
DISCOVER,6011116965245085,10/2030,983
DISCOVER,6011685187006749,3/2027,532
DISCOVER,6011675697958216,4/2025,589
DISCOVER,6011644934624096,2/2028,268
DISCOVER,6011449710806160,10/2024,856
DISCOVER,6011763439434249,9/2027,632
DISCOVER,6011798825877866,11/2028,381
DISCOVER,6011861182127612,2/2026,210
DISCOVER,6011616827093094,8/2030,141
DISCOVER,6011827074823899,6/2028,262
DISCOVER,6011270436595501,6/2026,966
DISCOVER,6011345954722552,7/2030,390
DISCOVER,6011568978315075,5/2030,802
DISCOVER,6011224402424113,6/2028,525
DISCOVER,6011104500302264,9/2025,854
DISCOVER,6011674095728636,7/2029,811
DISCOVER,6011489628671785,2/2025,748
DISCOVER,6011193154825795,10/2028,857
DISCOVER,6011306451225994,11/2029,731
DISCOVER,6011063971569027,4/2028,402
DISCOVER,6011354479447356,2/2030,560
DISCOVER,6011405818986188,5/2031,252
DISCOVER,6011756471337452,9/2027,661
DISCOVER,6011331158844103,6/2025,889
DISCOVER,6011591240491797,8/2025,631
DISCOVER,6011026513481829,4/2026,823
DISCOVER,6011229964179708,6/2029,235
DISCOVER,6011542816039833,1/2027,456
DISCOVER,6011853770039507,7/2024,829
DISCOVER,6011990419338849,5/2031,290
DISCOVER,6011558326190708,10/2027,379
DISCOVER,6011274367866675,11/2029,992
DISCOVER,6011822598981042,4/2028,207
DISCOVER,6011754618654145,4/2030,764
DISCOVER,6011721953731895,6/2028,980
DISCOVER,6011443848000143,2/2025,236
DISCOVER,6011573747013506,7/2028,624
DISCOVER,6011558654614479,4/2025,883
DISCOVER,6011966531528582,7/2029,338
DISCOVER,6011503014075474,11/2030,889
DISCOVER,6011314086659694,4/2029,926
DISCOVER,6011889528581259,11/2028,580
DISCOVER,6011731440227456,3/2025,627
UNIONPAY,6223058941135283,7/2028,709
UNIONPAY,6226984539560987,5/2024,386
UNIONPAY,6214834716056792,3/2025,834
UNIONPAY,6214838952828566,2/2025,378
UNIONPAY,6223051757772040,3/2026,800
UNIONPAY,6214833939534544,9/2027,721
UNIONPAY,6214836828912945,9/2029,647
UNIONPAY,6223051121900907,11/2026,593
UNIONPAY,6223056986067320,9/2029,710
UNIONPAY,6222029289290684,10/2030,502
UNIONPAY,6223050358050766,6/2028,744
UNIONPAY,6216981605886296,2/2029,738
UNIONPAY,6214838097193454,6/2027,341
UNIONPAY,6223058391167000,3/2030,494
UNIONPAY,6222027912942747,6/2027,922
UNIONPAY,6222025982095057,4/2030,796
UNIONPAY,6226983775423694,6/2025,455
UNIONPAY,6214834751298747,10/2030,587
UNIONPAY,6214836440240634,1/2030,621
UNIONPAY,6214833278428621,3/2029,791
UNIONPAY,6226980405853241,9/2025,163
UNIONPAY,6222028862829215,1/2030,600
UNIONPAY,6222021325209265,9/2025,141
UNIONPAY,6226989794173459,9/2027,635
UNIONPAY,6214835210779623,8/2029,649
UNIONPAY,6222023870010882,8/2026,422
UNIONPAY,6214830964264948,6/2028,127
UNIONPAY,6214835097650194,9/2030,668
UNIONPAY,6223052446400011,9/2028,597
UNIONPAY,6222024236547955,9/2024,564
UNIONPAY,6226985806718224,7/2026,667
UNIONPAY,6214831957727164,10/2025,374
UNIONPAY,6214831165207322,6/2029,867
UNIONPAY,6223057643755216,10/2031,582
UNIONPAY,6222027718583158,3/2027,866
UNIONPAY,6226989207728295,6/2029,192
UNIONPAY,6214835228355143,9/2027,766
UNIONPAY,6226985362754124,9/2031,229
UNIONPAY,6214839365708742,11/2030,549
UNIONPAY,6214834120177234,4/2029,375
UNIONPAY,6222024163362220,2/2030,429
UNIONPAY,6214830114409814,4/2025,767
UNIONPAY,6226987719426390,7/2026,551
UNIONPAY,6222029997998446,1/2027,658
UNIONPAY,6223051400772639,5/2027,185
UNIONPAY,6222027130793237,7/2026,309
UNIONPAY,6222021869881214,10/2028,682
UNIONPAY,6214838425896455,9/2030,255
UNIONPAY,6223050873870045,10/2026,315
UNIONPAY,6222029110381058,8/2024,494
UNIONPAY,6223056220845945,4/2025,940
UNIONPAY,6214831211612004,3/2025,569
UNIONPAY,6223053907672353,8/2031,454
UNIONPAY,6223055360126108,11/2030,857
UNIONPAY,6226987627675088,11/2026,993
UNIONPAY,6226980488761006,6/2026,683
UNIONPAY,6223053738643649,9/2031,670
UNIONPAY,6214832425009896,9/2026,872
UNIONPAY,6222027708860509,4/2026,717
UNIONPAY,6223058692830843,5/2028,507
UNIONPAY,6222028181870767,6/2026,679
UNIONPAY,6222027085563551,2/2029,111
UNIONPAY,6223059792233938,3/2026,407
UNIONPAY,6223055781528148,1/2027,633
UNIONPAY,6226982862561937,7/2031,355
UNIONPAY,6222028703394858,3/2026,685
UNIONPAY,6222029835952365,9/2028,805
UNIONPAY,6214833247399645,10/2027,500
UNIONPAY,6214831720012209,6/2030,687
UNIONPAY,6226985359734909,5/2028,323
UNIONPAY,6222023670761635,10/2028,667
UNIONPAY,6222024511224387,12/2030,953
UNIONPAY,6223055837516246,2/2026,900
UNIONPAY,6223051522955401,3/2026,992
UNIONPAY,6223054068212526,9/2025,111
UNIONPAY,6226984389730730,5/2025,287
UNIONPAY,6223056250979275,10/2026,730
UNIONPAY,6214837606647885,2/2026,894
UNIONPAY,6226989495585555,7/2027,773
UNIONPAY,6223056855715595,4/2028,233
UNIONPAY,6222028474937620,9/2024,656
UNIONPAY,6214831791811331,4/2027,966
UNIONPAY,6222025589623657,3/2027,124
MASTERCARD,5299272593735198,12/2027,388
MASTERCARD,5525103405576098,4/2029,445
MASTERCARD,5598647200971625,8/2028,905
MASTERCARD,5411626532465402,8/2031,454
MASTERCARD,5433220616466025,3/2024,290
MASTERCARD,5469950695038173,8/2029,958
MASTERCARD,5548264172246688,10/2026,872
MASTERCARD,5570963551583444,4/2025,660
MASTERCARD,5580904140470642,3/2024,258
MASTERCARD,5208838606412213,11/2029,446
MASTERCARD,5402361161309587,7/2030,508
MASTERCARD,5165527876231541,11/2029,227
MASTERCARD,5401303804088047,8/2025,269
MASTERCARD,5537768212060803,10/2026,611
MASTERCARD,5170632141159452,8/2025,273
MASTERCARD,5578891962703941,7/2030,608
MASTERCARD,5563628860095716,6/2030,357
MASTERCARD,5328843505164670,10/2030,429
MASTERCARD,5523785497694432,7/2027,349
MASTERCARD,5524766599774207,6/2027,915
MASTERCARD,5278536402378878,8/2025,390
MASTERCARD,5282375331979942,4/2029,644
MASTERCARD,5193204905479105,9/2030,257
MASTERCARD,5250304584796140,10/2028,204
MASTERCARD,5268189094010896,7/2026,165
MASTERCARD,5373000467003925,3/2030,174
MASTERCARD,5317899780509495,7/2028,847
MASTERCARD,5185225843969584,12/2027,453
MASTERCARD,5498266443055186,3/2028,653
MASTERCARD,5288044891552879,3/2030,477
MASTERCARD,5248668267347750,1/2027,795
MASTERCARD,5350690946696500,5/2030,428
MASTERCARD,5381933354978298,2/2030,585
MASTERCARD,5258676246392851,8/2025,760
MASTERCARD,5290788279109969,6/2024,813
MASTERCARD,5562275872515439,10/2026,646
MASTERCARD,5304732287892475,1/2027,840
MASTERCARD,5209980218828342,7/2025,744
MASTERCARD,5390084355191991,1/2030,589
MASTERCARD,5221324290082540,11/2028,604
MASTERCARD,5545185929908556,8/2029,474
MASTERCARD,5236756651467930,9/2026,974
MASTERCARD,5115711263737374,8/2025,646
MASTERCARD,5255642119122000,1/2029,878
MASTERCARD,5326652615196025,12/2026,698
MASTERCARD,5517235566279912,9/2031,465
MASTERCARD,5597474956143189,9/2028,528
MASTERCARD,5541861771025119,9/2025,203
MASTERCARD,5500662335093887,6/2028,134
MASTERCARD,5423654762770354,7/2029,770
MASTERCARD,5104650205166271,2/2025,860
MASTERCARD,5228001104717262,5/2028,722
MASTERCARD,5561660970637303,5/2027,337
MASTERCARD,5557824604211523,1/2025,474
MASTERCARD,5226384306086088,7/2029,215
MASTERCARD,5185966228816755,3/2027,939
MASTERCARD,5139013645136975,5/2029,774
MASTERCARD,5525491927802557,3/2024,314
MASTERCARD,5250605450151372,11/2029,208
MASTERCARD,5131589386489333,5/2024,618
MASTERCARD,5432756641924562,8/2029,750
MASTERCARD,5328515207086191,7/2028,162
MASTERCARD,5327863282537154,11/2030,970
MASTERCARD,5189574691209205,4/2030,911
MASTERCARD,5498262089320729,6/2027,738
MASTERCARD,5487516028105191,11/2030,737
MASTERCARD,5326303003746124,11/2026,326
MASTERCARD,5222419648361676,10/2026,919
MASTERCARD,5243858932112599,10/2030,783
MASTERCARD,5325720838447464,5/2030,489
MASTERCARD,5350508584519604,11/2026,626
MASTERCARD,5555854144093349,6/2027,139
MASTERCARD,5352406896764026,12/2026,526
MASTERCARD,5556065317590347,11/2027,246
MASTERCARD,5571757467229491,8/2029,205
MASTERCARD,5133545149178090,4/2027,212
MASTERCARD,4380699479142471,11/2024,639
MASTERCARD,5245417607667267,5/2029,225
VISA,4556049663713490,7/2027,277
VISA,4024007156714049,10/2030,602
VISA,4024007177469391,5/2030,826
VISA,4916148119604843,8/2026,482
VISA,4556107826276787,12/2028,926
VISA,4916401549466402,2/2030,626
VISA,4929599274798074,9/2025,319
VISA,4556731870872073,3/2031,561
VISA,4024007117447267,10/2026,859
VISA,4532676728320363,7/2024,891
VISA,4532722051365573,11/2029,580
VISA,4589663261925347,1/2030,270
VISA,4024007110316345,7/2025,419
VISA,4821785887991532,11/2030,385
VISA,4024007195749758,7/2030,376
VISA,4916585756463035,8/2029,871
VISA,4539981643616587,10/2028,689
VISA,4556503588266216,7/2024,622
VISA,4916476972409632,5/2028,260
VISA,4916473991868187,6/2026,358
VISA,4432157587666071,3/2028,584
VISA,4556143228732275,10/2029,731
VISA,4539157013179254,4/2026,976
VISA,4556580920282083,4/2025,971
VISA,4556763114238663,9/2027,844
VISA,4485268728528117,5/2025,820
VISA,4556339199157761,4/2025,644
VISA,4539654271834973,6/2031,518
VISA,4929918030919933,4/2025,451
VISA,4556394382716337,11/2027,516
VISA,4716028108209394,7/2026,422
VISA,4716676138634666,1/2030,263
VISA,4532735945332484,6/2026,208
VISA,4138180841761841,4/2030,866
VISA,4716456963861126,8/2026,138
VISA,4566334323370867,3/2024,799
VISA,4539183840771766,6/2028,849
VISA,4024007137460589,8/2028,367
VISA,4532271624539058,9/2026,757
VISA,4532548351733669,10/2031,561
VISA,4532009220147946,10/2027,977
VISA,4485296859198459,4/2024,751
VISA,4024007168288032,8/2030,797
VISA,4716805239544264,7/2025,267
VISA,4916177251979317,4/2029,585
VISA,4024007135628120,4/2026,124
VISA,4929608770845006,10/2028,768
VISA,4916668525164207,9/2025,383
VISA,4024007157792424,7/2027,231
VISA,4511539030773163,8/2031,793
VISA,4929276025283579,8/2026,771
VISA,4539180949251997,5/2025,312
VISA,4539304385394836,5/2028,189
VISA,4485818135404938,11/2030,997
VISA,4929356612681953,1/2030,491
VISA,4529358150946956,5/2029,154
VISA,4539554326559182,10/2026,918
VISA,4019430527080998,3/2027,172
VISA,4929205497791199,11/2027,638
VISA,4556119285756506,11/2030,599
VISA,4024007106552747,7/2025,573
VISA,4902221534139475,3/2027,376
VISA,4556727590409809,6/2029,443
VISA,4532281227706871,8/2029,166
VISA,4716247687771059,10/2025,381
VISA,4024007112735997,2/2025,672
VISA,4716009112937063,1/2025,692
VISA,4916031506352491,2/2029,395
VISA,4485808120469251,9/2031,323
VISA,4716845980186527,2/2026,524
VISA,4929177546990710,1/2026,105
VISA,4485528060044050,5/2028,203
VISA,4916225030526147,7/2025,531
VISA,4456386752782808,11/2025,495
VISA,4539301568905362,6/2026,461
VISA,4539720726460020,12/2031,946
VISA,4929871672386954,1/2025,143
VISA,4475623152091554,3/2026,783
VISA,4024007152187687,7/2027,740
VISA,4532506987072936,6/2026,275
VISA,4916941691061840,12/2028,517
VISA,4929959375547608,12/2030,951
VISA,4929640232260698,9/2028,622
VISA,4556422803521307,6/2028,717
VISA,4916193479193300,2/2027,986
VISA,4916665428732569,2/2030,288
VISA,4024007166738517,3/2030,286
VISA,4539462683940971,10/2026,445
VISA,4539337650585710,12/2027,460
VISA,4065435469969648,3/2029,493
VISA,4904493879573489,10/2025,561
VISA,4556498256692092,9/2028,181
VISA,4929131125088288,3/2025,395
VISA,4539075620246094,7/2024,132
VISA,4024007117547629,11/2030,861
VISA,4861100089590192,8/2029,603
VISA,4024007103460712,2/2030,253
VISA,4916393731527820,4/2029,991
MASTERCARD,5257259231605115,1/2027,540
MASTERCARD,5104226825907228,9/2026,931
MASTERCARD,5215343001811284,6/2026,781
MASTERCARD,5252791937789103,10/2025,918
MASTERCARD,5345807257180415,10/2025,393
MASTERCARD,5270816545940554,9/2027,124
MASTERCARD,5296885478494565,11/2027,645
MASTERCARD,5511131045604786,11/2027,275
MASTERCARD,5126041123884365,11/2025,656
MASTERCARD,5312507101392716,12/2028,561
MASTERCARD,5476732941485049,11/2025,454
MASTERCARD,5342315301131627,10/2028,335
MASTERCARD,5484795498739514,4/2029,932
MASTERCARD,5359098760936674,5/2029,832
MASTERCARD,5114975898738682,1/2027,959
MASTERCARD,5101086037295173,11/2030,425
MASTERCARD,5528553916724297,6/2025,968
MASTERCARD,5442889964382387,6/2026,491
MASTERCARD,5569556275385154,3/2030,587
MASTERCARD,5460915569248090,5/2025,508
MASTERCARD,5407654592170775,10/2027,993
MASTERCARD,5136444828570859,6/2028,107
MASTERCARD,5208229548705379,7/2026,944
MASTERCARD,5291388395607704,3/2029,152
MASTERCARD,5521304566084260,3/2027,118
MASTERCARD,5488166594884601,9/2028,948
MASTERCARD,5351506243824034,4/2025,136
MASTERCARD,5450882999039444,5/2027,852
MASTERCARD,5570579437555362,4/2029,341
MASTERCARD,5277778470626686,12/2024,656
MASTERCARD,5201132348268126,3/2026,289
MASTERCARD,5356009830647921,3/2030,106
MASTERCARD,5518547274079197,8/2025,502
MASTERCARD,5393648115883571,1/2030,114
MASTERCARD,5277743923315675,6/2029,865
UNIONPAY,6222023546162943,2/2029,158
UNIONPAY,6214835801974278,10/2029,641
UNIONPAY,6214833722857565,10/2029,603
UNIONPAY,6223053679575826,4/2024,498
UNIONPAY,6222025927918264,7/2029,479
UNIONPAY,6214837853243073,3/2030,707
UNIONPAY,6226988551596597,5/2029,594
UNIONPAY,6226988269089885,3/2028,789
UNIONPAY,6223059228742379,8/2030,891
UNIONPAY,6222029740166556,7/2030,230
UNIONPAY,6223053340016580,4/2030,125
UNIONPAY,6223058733932962,3/2028,764
UNIONPAY,6226988407465781,11/2029,262
UNIONPAY,6223052223488320,7/2028,506
UNIONPAY,6226987735328844,2/2029,384
UNIONPAY,6222025820057418,8/2026,930
UNIONPAY,6226985102268288,11/2029,745
UNIONPAY,6214836821862402,6/2030,841
UNIONPAY,6223051585918775,8/2025,872
UNIONPAY,6222021238619345,11/2027,760
UNIONPAY,6226988207010861,6/2028,351
UNIONPAY,6222025842249381,5/2026,544
UNIONPAY,6226983086466911,9/2027,274
UNIONPAY,6214838764529955,5/2028,506
UNIONPAY,6226985608499494,6/2024,890
UNIONPAY,6226985312144469,3/2030,774
UNIONPAY,6223054523517089,5/2030,159
UNIONPAY,6226989900821678,11/2026,313
UNIONPAY,6214834685053241,6/2030,792
UNIONPAY,6223055377691441,4/2030,704
UNIONPAY,6214833043516528,5/2024,950
UNIONPAY,6214837090169305,3/2024,308
UNIONPAY,6214831131205814,2/2025,532
UNIONPAY,6226987112445013,5/2030,563
UNIONPAY,6222022240032311,1/2027,370
UNIONPAY,6223051726015150,10/2025,245
UNIONPAY,6214832536035004,5/2028,216
UNIONPAY,6222025514426572,6/2025,149
UNIONPAY,6214832782359959,8/2029,850
UNIONPAY,6214834488497943,1/2029,507
UNIONPAY,6223050854489278,8/2029,512
UNIONPAY,6222021486570661,5/2025,324
UNIONPAY,6214833342680090,10/2030,116
UNIONPAY,6223058545983039,5/2025,736
UNIONPAY,6226984411940612,9/2026,601
UNIONPAY,6222022683932753,11/2027,202
UNIONPAY,6222026700216090,5/2026,114
UNIONPAY,6223058596787214,3/2028,602
DINERS,3824357541290435,12/2024,839
DINERS,3810672252345426,6/2024,242
DINERS,3025854743930179,5/2030,326
DINERS,3006573019435191,6/2026,514
DINERS,3020491845362665,4/2030,513
DINERS,3023781790734562,10/2031,869
DINERS,3033440398818735,2/2028,987
DINERS,3888647534999006,9/2029,957
DINERS,3035990194613274,5/2026,115
DINERS,3655380909402750,9/2031,852
DINERS,3626250430393867,1/2031,132
DINERS,3627236783879965,8/2026,589
DINERS,3820539189408445,12/2026,389
DINERS,3034829339510386,7/2027,483
DINERS,3013719870525940,3/2026,835
DINERS,3006308188838440,10/2025,449
DINERS,3028578133159951,8/2028,600
DINERS,3013923023944574,2/2027,135
DINERS,3638455170439269,6/2025,621
DINERS,3035623686131220,4/2026,127
DINERS,3030340255719880,8/2026,131
DINERS,3650187690361631,8/2029,349
DINERS,3030877835524090,3/2028,218
DINERS,3020677419003863,12/2029,394
DINERS,3024023425511373,1/2031,859
DINERS,3696741661797136,9/2030,190
DINERS,3036675749361086,8/2027,506
DINERS,3011054431984242,3/2031,781
DINERS,3647810566169434,12/2028,843
DINERS,3027773614109366,12/2027,993
DINERS,3033816495624748,12/2030,490
DINERS,3012478550519878,11/2027,132
DINERS,3633582218572887,1/2027,780
DINERS,3019031339464420,3/2025,493
DINERS,3005643346343045,11/2030,339
DINERS,3030781309842584,9/2028,838
DINERS,3852082079062346,1/2027,463
DINERS,3017115101214311,6/2027,953
DINERS,3021667477363951,3/2026,933
DINERS,3033728090067258,8/2025,184
DINERS,3887039011429198,3/2030,339
DINERS,3031610548004996,4/2029,692
DINERS,3621658551472192,3/2030,868
DINERS,3004124735028514,2/2031,548
DINERS,3016084651854176,8/2027,609
DINERS,3003494817608694,9/2026,995
DINERS,3009626756807547,2/2026,897
DINERS,3030475097825253,11/2027,433
DINERS,3021197367106161,5/2027,788
DINERS,3000316281931141,10/2027,405
DINERS,3694249456135035,11/2029,650
DINERS,3028716302646834,4/2029,690
DINERS,3019704879266633,11/2026,395
DINERS,3026345061209493,4/2026,260
DINERS,3858588848249661,7/2025,600
DINERS,3027990916128015,9/2030,549
DINERS,3031783324521143,6/2028,495
DINERS,3030727036569008,3/2029,886
DINERS,3636227475922212,3/2026,968
DINERS,3023065155277544,2/2025,296
DINERS,3000355057246284,6/2026,267
DINERS,3882953416571369,9/2026,560
DINERS,3036661421986903,5/2030,941
DINERS,3019929483115062,5/2024,585
DINERS,3026899150106424,7/2030,295
DINERS,3011011836764447,3/2029,734
DINERS,3833003597079624,8/2027,444
DINERS,3621446380786077,4/2027,684
DINERS,3680185950064162,5/2031,265
DINERS,3027352476723547,7/2026,723
DINERS,3649120429859132,2/2029,957
DINERS,3034078845905470,4/2026,176
DINERS,3031162048502574,9/2031,909
DINERS,3813371978339758,4/2025,881
DINERS,3604222946480690,2/2025,903
DINERS,3853319158351623,8/2029,468
DINERS,3034262498064856,11/2028,209
DINERS,3022725249868266,10/2027,500
DINERS,3008951504718123,4/2026,847
DINERS,3008229885976762,8/2024,671
DINERS,3017160929119193,7/2027,460
DINERS,3034126261052432,4/2028,796
DINERS,3005556328452347,5/2028,810
DINERS,3875760256919924,3/2027,138
DINERS,3885501316513218,11/2028,308
DINERS,3688588643976233,8/2028,671
DINERS,3027610312172082,7/2030,584
DINERS,3026209540525228,2/2030,705
DINERS,3038299200779849,7/2027,771
DINERS,3866241958656339,9/2031,722
DINERS,3027861827736321,9/2028,245
DINERS,3011686117361342,8/2027,688
DINERS,3027219958655127,9/2028,983
DINERS,3005443431893081,6/2028,265
DINERS,3029714194038193,7/2026,158
DINERS,3862959625722234,6/2028,834
DINERS,3894387990167151,8/2025,306
DINERS,3027002504129072,1/2030,319
DINERS,3539644729038214,6/2030,723
DINERS,3007901074910999,7/2024,186
DINERS,3035021414370535,11/2029,561
DINERS,3032316063854547,11/2029,592
DINERS,3843709292711372,12/2026,836
DINERS,3887316747056010,3/2030,502
DINERS,3004825665617759,9/2028,690
DINERS,3038662310381162,7/2029,580
DINERS,3625478174507100,7/2028,782
DINERS,3007624551846185,3/2026,199
DINERS,3631740570317216,8/2025,607
DINERS,3801035557387280,8/2024,233
DINERS,3001732461092265,2/2030,254
DINERS,3002912302818503,9/2026,455
DINERS,3013460844172010,10/2028,426
DINERS,3812028747410135,9/2028,727
DINERS,3617798690943178,10/2031,729
DINERS,3620828270129453,7/2029,332
DINERS,3676113271486035,4/2028,521
DINERS,3008716830333834,2/2028,252
DINERS,3016984016542020,2/2031,706
DINERS,3029646035569780,8/2026,744
DINERS,3038634044829667,4/2026,550
DINERS,3028266878529816,1/2028,551
DINERS,3037494819584000,3/2027,893
DISCOVER,6011072469587680,9/2024,578
DISCOVER,6011802847887786,6/2027,349
DISCOVER,6011467750965076,1/2029,320
DISCOVER,6011609220191847,10/2027,988
DISCOVER,6011683953736938,11/2028,450
DISCOVER,6011576164536503,11/2024,980
DISCOVER,6011494611907519,6/2025,537
DISCOVER,6011062138230812,12/2027,292
DISCOVER,6011470212931678,7/2028,884
DISCOVER,6011403578248890,11/2026,181
DISCOVER,6011231950805781,2/2028,750
DISCOVER,6011549018868190,4/2026,566
DISCOVER,6011630321616532,8/2027,406
DISCOVER,6011530344138342,2/2028,337
DISCOVER,6011378328554500,9/2026,572
DISCOVER,6011862072981322,4/2031,693
DISCOVER,6011112151007389,7/2028,194
DISCOVER,6011130711017383,9/2028,167
DISCOVER,6011853807428335,11/2030,101
DISCOVER,6011782491713241,10/2029,988
DISCOVER,6011345100455065,4/2031,749
DISCOVER,6011324777977537,6/2027,184
DISCOVER,6011401665638460,5/2029,989
DISCOVER,6011836857526031,5/2031,737
DISCOVER,6011013159617841,11/2025,507
DISCOVER,6111769607056490,9/2025,208
DISCOVER,6011417669307571,6/2028,950
DISCOVER,6011014678609431,8/2024,515
DISCOVER,6011519563534984,9/2030,179
DISCOVER,6011122488352523,12/2028,603
DISCOVER,6011112510148148,10/2026,596
DISCOVER,6011976117782719,5/2025,357
DISCOVER,6011409681243025,2/2027,793
DISCOVER,6011672643839772,8/2028,901
DISCOVER,6011424290323647,3/2028,805
DISCOVER,6011365948596953,3/2024,350
DISCOVER,6011102638858579,8/2025,919
DISCOVER,6011711861881189,7/2028,981
DISCOVER,6011994216559599,1/2028,669
DISCOVER,6011958438848734,9/2026,675
DISCOVER,6011139718003791,5/2029,105
DISCOVER,6011473699727692,4/2026,137
DISCOVER,6011002416464840,1/2029,149
DISCOVER,6011424801467008,8/2029,554
DISCOVER,6011672026722629,5/2027,400
DISCOVER,6011014932431120,12/2030,416
DISCOVER,6011176083168494,9/2028,802
DISCOVER,6011615613863652,9/2028,697
DISCOVER,6011988051880623,7/2028,288
DISCOVER,6011623188213360,5/2025,926
DISCOVER,6011532504204393,6/2029,340
DISCOVER,6011609320058094,11/2029,948
DISCOVER,6011307326310623,10/2028,399
DISCOVER,6011067614887613,10/2029,462
DISCOVER,6011300529469890,3/2025,324
DISCOVER,6011231737951314,8/2024,276
DISCOVER,6011593978163242,9/2025,244
DISCOVER,6011196280184375,5/2026,343
DISCOVER,6011772458726047,11/2024,335
DISCOVER,6011211182571592,5/2031,485
DISCOVER,6011327147114483,8/2026,458
DISCOVER,6011215743335679,5/2030,835
DISCOVER,6011335455995277,7/2026,174
DISCOVER,6011448157153011,7/2025,980
DISCOVER,6011039210211736,6/2027,156
DISCOVER,6011564387338899,8/2030,205
DISCOVER,6011492195876019,3/2031,533
DISCOVER,6011407000208075,3/2026,630
DISCOVER,6011770796567198,7/2030,415
DISCOVER,6011409498223680,2/2025,684
DISCOVER,6011333770462546,12/2027,769
DISCOVER,6011158554429589,9/2025,346
DISCOVER,6011155377489352,9/2026,800
DISCOVER,6011164077089074,1/2024,624
DISCOVER,6011008501327404,6/2026,592
DISCOVER,6011110916880264,11/2026,212
DISCOVER,6011807261423909,2/2028,271
DISCOVER,6011587507723302,7/2031,370
DISCOVER,6011522752987195,2/2030,291
DISCOVER,6011441797326410,11/2028,695
DISCOVER,6011734400305015,8/2026,216
DISCOVER,6011035990483042,3/2027,203
DISCOVER,6011174800124972,2/2027,909
DISCOVER,6011366313285529,3/2029,803
DISCOVER,6011237413661341,7/2029,734
DISCOVER,6011258806198220,4/2028,834
DISCOVER,6011070294773392,11/2028,570
DISCOVER,6011188266087557,7/2027,447
DISCOVER,6011088478298960,3/2027,576
DISCOVER,6011548827882814,9/2030,806
DISCOVER,6011066849946376,5/2025,907
DISCOVER,6011634506953603,12/2025,308